place,age,sex,chest_pain,rest_bp,cholestoral_mmHg,fasting_bs,rest_ECG,max_heart_rate,exercise,major_vessels,thal,diagnosis
va,63,1,4,140,260,0,1,112,1,NA,NA,2
va,44,1,4,130,209,0,1,127,0,NA,NA,0
va,60,1,4,132,218,0,1,140,1,NA,NA,2
va,55,1,4,142,228,0,1,149,1,NA,NA,1
va,66,1,3,110,213,1,2,99,1,NA,NA,0
va,66,1,3,120,0,0,1,120,0,NA,NA,0
va,65,1,4,150,236,1,1,105,1,NA,NA,3
va,60,1,3,180,0,0,1,140,1,NA,NA,0
va,60,1,3,120,0,NA,0,141,1,NA,NA,3
va,60,1,2,160,267,1,1,157,0,NA,NA,1
va,56,1,2,126,166,0,1,140,0,NA,NA,0
va,59,1,4,140,0,0,1,117,1,NA,NA,1
va,62,1,4,110,0,0,0,120,1,NA,3,1
va,63,1,3,NA,0,0,2,NA,NA,NA,NA,1
va,57,1,4,128,0,1,1,148,1,NA,NA,1
va,62,1,4,120,220,0,1,86,0,NA,NA,0
va,63,1,4,170,177,0,0,84,1,NA,NA,4
va,46,1,4,110,236,0,0,125,1,NA,NA,1
va,63,1,4,126,0,0,1,120,0,NA,NA,0
va,60,1,4,152,0,0,1,118,1,NA,7,0
va,58,1,4,116,0,0,0,124,0,NA,NA,2
va,64,1,4,120,0,1,1,106,0,NA,NA,1
va,63,1,3,130,0,0,1,111,1,NA,NA,3
va,74,1,3,NA,0,0,0,NA,NA,NA,NA,0
va,52,1,3,128,0,0,1,180,0,NA,NA,2
va,69,1,4,130,0,1,1,129,0,NA,6,2
va,51,1,4,NA,0,1,1,NA,NA,NA,NA,2
va,60,1,4,130,186,1,1,140,1,NA,NA,1
va,56,1,4,120,100,0,0,120,1,0,7,1
va,55,1,3,NA,228,0,1,NA,NA,NA,NA,3
va,54,1,4,NA,0,0,1,NA,NA,NA,NA,3
va,77,1,4,124,171,0,1,110,1,NA,NA,3
va,63,1,4,160,230,1,0,105,1,NA,NA,3
va,55,1,3,0,0,0,0,155,0,NA,NA,3
va,52,1,3,122,0,0,0,110,1,NA,NA,2
va,64,1,4,144,0,0,1,122,1,NA,NA,3
va,60,1,4,NA,281,0,1,NA,NA,NA,NA,2
va,60,1,4,120,0,0,0,133,1,NA,7,0
va,58,1,4,NA,203,1,0,NA,NA,NA,NA,1
va,59,1,4,154,0,0,1,131,1,0,NA,0
va,61,1,3,120,0,0,0,80,1,NA,NA,3
va,40,1,4,125,0,1,0,165,0,NA,7,1
va,61,1,4,NA,0,1,1,86,0,NA,7,3
va,41,1,4,104,0,0,1,111,0,NA,NA,0
va,57,1,4,NA,277,1,1,NA,NA,NA,NA,4
va,63,1,4,136,0,0,0,84,1,NA,7,2
va,59,1,4,122,233,0,0,117,1,NA,NA,1
va,51,1,4,128,0,0,0,107,0,NA,NA,0
va,59,1,3,NA,0,0,0,128,1,NA,NA,2
va,42,1,3,134,240,NA,0,160,0,NA,NA,0
va,55,1,3,120,0,0,1,125,1,NA,7,1
va,63,0,2,NA,0,0,0,NA,NA,NA,NA,0
va,62,1,4,152,153,0,1,97,1,NA,7,2
va,56,1,2,124,224,1,0,161,0,NA,NA,0
va,53,1,4,126,0,0,0,106,0,NA,NA,1
va,68,1,4,138,0,0,0,130,1,NA,NA,2
va,53,1,4,154,0,NA,1,140,1,NA,NA,2
va,60,1,3,NA,316,1,1,NA,NA,NA,NA,3
va,62,1,2,NA,0,0,0,NA,NA,NA,NA,0
va,59,1,4,178,0,1,2,120,1,NA,7,1
va,51,1,4,NA,218,1,2,NA,NA,NA,NA,0
va,61,1,4,110,0,NA,0,108,1,NA,NA,2
va,57,1,4,130,311,NA,1,148,1,NA,NA,1
va,56,1,3,170,0,0,2,123,1,NA,NA,4
va,58,1,2,126,0,1,0,110,1,NA,NA,2
va,69,1,3,140,0,NA,1,118,0,NA,NA,2
va,67,1,1,142,270,1,0,125,0,NA,NA,3
va,58,1,4,120,0,0,2,106,1,NA,7,1
va,65,1,4,NA,0,0,0,NA,NA,NA,NA,1
va,63,1,2,NA,217,1,1,NA,NA,NA,NA,1
va,55,1,2,110,214,1,1,180,0,NA,NA,0
va,57,1,4,140,214,0,1,144,1,NA,6,2
va,65,1,1,NA,252,0,0,NA,NA,NA,NA,0
va,54,1,4,136,220,0,0,140,1,NA,NA,3
va,72,1,3,120,214,0,0,102,1,NA,NA,3
va,75,1,4,170,203,1,1,108,0,NA,7,1
va,49,1,1,130,0,0,1,145,0,NA,NA,2
va,51,1,3,NA,339,0,0,NA,NA,NA,NA,3
va,60,1,4,142,216,0,0,110,1,NA,NA,2
va,64,0,4,142,276,0,0,140,1,NA,7,1
va,58,1,4,132,458,1,0,69,0,NA,NA,0
va,61,1,4,146,241,0,0,148,1,NA,NA,2
va,67,1,4,160,384,1,1,130,1,NA,NA,2
va,62,1,4,135,297,0,0,130,1,NA,NA,2
va,65,1,4,136,248,0,0,140,1,NA,NA,4
va,63,1,4,130,308,0,0,138,1,NA,NA,2
va,69,1,4,140,208,0,1,140,1,NA,NA,3
va,51,1,4,NA,227,1,1,NA,NA,NA,NA,0
va,62,1,4,158,210,1,0,112,1,NA,NA,1
va,55,1,3,NA,245,1,1,NA,NA,NA,NA,1
va,75,1,4,136,225,0,0,112,1,NA,NA,3
va,40,1,3,106,240,0,0,80,1,NA,7,0
va,67,1,4,120,0,1,0,150,0,NA,NA,3
va,58,1,4,110,198,0,0,110,0,NA,NA,1
va,60,1,4,NA,195,0,0,NA,NA,NA,NA,0
va,63,1,4,160,267,1,1,88,1,NA,NA,3
va,35,1,3,NA,161,0,1,NA,NA,NA,NA,0
va,62,1,1,112,258,0,1,150,1,NA,NA,1
va,43,1,4,122,0,0,0,120,0,NA,NA,1
va,63,1,3,130,0,1,1,160,0,NA,NA,0
va,68,1,3,150,195,1,0,132,0,NA,6,1
va,65,1,4,150,235,0,0,120,1,NA,NA,3
va,48,1,3,102,0,NA,1,110,1,NA,NA,1
va,63,1,4,96,305,0,1,121,1,NA,NA,1
va,64,1,4,130,223,0,1,128,0,NA,NA,0
va,61,1,4,120,282,0,1,135,1,NA,6,3
va,50,1,4,144,349,0,2,120,1,NA,7,1
va,59,1,4,124,NA,0,0,117,1,NA,NA,1
va,55,1,4,150,160,0,1,150,0,NA,NA,0
va,45,1,3,NA,236,0,0,NA,NA,NA,NA,0
va,65,1,4,NA,312,0,2,NA,NA,NA,NA,3
va,61,1,2,NA,283,0,0,NA,NA,NA,NA,0
va,49,1,3,NA,142,0,0,NA,NA,NA,NA,3
va,72,1,4,NA,211,0,0,NA,NA,NA,NA,1
va,50,1,4,NA,218,0,0,NA,NA,NA,NA,1
va,64,1,4,NA,306,1,1,NA,NA,NA,NA,3
va,55,1,4,116,186,1,1,102,0,NA,NA,2
va,63,1,4,110,252,0,1,140,1,NA,NA,2
va,59,1,4,125,222,0,0,135,1,NA,NA,3
va,56,1,4,NA,0,0,2,NA,NA,NA,NA,1
va,62,1,3,NA,0,1,1,NA,NA,NA,NA,2
va,74,1,4,150,258,1,1,130,1,NA,NA,3
va,54,1,4,130,202,1,0,112,1,NA,NA,1
va,57,1,4,110,197,0,2,100,0,NA,NA,0
va,62,1,3,NA,204,0,1,NA,NA,NA,NA,1
va,76,1,3,104,NA,0,2,120,0,NA,NA,4
va,54,0,4,138,274,0,0,105,1,NA,NA,1
va,70,1,4,170,192,0,1,129,1,NA,NA,2
va,61,0,2,140,298,1,0,120,1,NA,7,0
va,48,1,4,NA,272,0,1,NA,NA,NA,NA,0
va,48,1,3,132,220,1,1,162,0,NA,6,1
va,61,1,1,142,200,1,1,100,0,NA,NA,3
va,66,1,4,112,261,0,0,140,0,NA,NA,1
va,68,1,1,NA,181,1,1,NA,NA,NA,NA,0
va,55,1,4,172,260,0,0,73,0,NA,NA,3
va,62,1,3,120,220,0,2,86,0,NA,NA,0
va,71,1,3,NA,221,0,0,NA,NA,NA,NA,3
va,74,1,1,NA,216,1,0,NA,NA,NA,NA,3
va,53,1,3,155,175,1,1,160,0,NA,6,0
va,58,1,3,150,219,0,1,118,1,NA,NA,2
va,75,1,4,160,310,1,0,112,1,NA,7,0
va,56,1,3,NA,208,1,1,NA,NA,NA,NA,4
va,58,1,3,NA,232,0,1,NA,NA,NA,NA,2
va,64,1,4,134,273,0,0,102,1,NA,NA,4
va,54,1,3,NA,203,0,1,NA,NA,NA,NA,0
va,54,1,2,NA,182,0,1,NA,NA,NA,NA,0
va,59,1,4,140,274,0,0,154,1,NA,NA,0
va,55,1,4,NA,204,1,1,NA,NA,NA,NA,1
va,57,1,4,144,270,1,1,160,1,NA,NA,3
va,61,1,4,NA,292,0,1,NA,NA,NA,NA,3
va,41,1,4,150,171,0,0,128,1,NA,NA,0
va,71,1,4,130,221,0,1,115,1,NA,NA,3
va,38,1,4,110,289,0,0,105,1,NA,NA,1
va,55,1,4,158,217,0,0,110,1,NA,NA,1
va,56,1,4,128,223,0,1,119,1,NA,NA,2
va,69,1,4,NA,NA,1,0,NA,NA,NA,NA,2
va,64,1,4,150,193,0,1,135,1,NA,NA,2
va,72,1,4,160,NA,1,2,130,0,NA,NA,2
va,69,1,4,NA,210,1,1,NA,NA,NA,NA,2
va,56,1,4,NA,282,1,0,NA,NA,NA,NA,1
va,62,1,4,NA,170,0,1,120,1,NA,NA,4
va,67,1,4,NA,369,0,0,NA,NA,NA,NA,3
va,57,1,4,156,173,0,2,119,1,NA,NA,3
va,69,1,4,NA,289,1,1,NA,NA,NA,NA,3
va,51,1,4,NA,NA,1,2,NA,NA,NA,7,1
va,48,1,4,140,NA,0,0,159,1,NA,NA,3
va,69,1,4,122,216,1,2,84,1,NA,7,2
va,69,1,3,NA,271,0,2,NA,NA,NA,NA,0
va,64,1,4,NA,244,1,1,NA,NA,NA,NA,2
va,57,1,2,180,285,1,1,120,0,NA,NA,1
va,53,1,4,124,243,0,0,122,1,NA,7,1
va,37,1,3,118,240,0,2,165,0,NA,3,0
va,67,1,4,140,219,0,1,122,1,NA,7,3
va,74,1,3,140,237,1,0,94,0,NA,NA,1
va,63,1,2,NA,165,0,1,NA,NA,NA,NA,0
va,58,1,4,100,213,0,1,110,0,NA,NA,0
va,61,1,4,190,287,1,2,150,1,NA,NA,4
va,64,1,4,130,258,1,2,130,0,NA,6,2
va,58,1,4,160,256,1,2,113,1,NA,NA,3
va,60,1,4,130,186,1,2,140,1,NA,NA,1
va,57,1,4,122,264,0,2,100,0,NA,NA,1
va,55,1,3,NA,NA,0,1,NA,NA,NA,NA,0
va,55,1,4,120,226,0,2,127,1,NA,7,1
va,56,1,4,130,203,1,0,98,0,NA,7,1
va,57,1,4,130,207,0,1,96,1,NA,NA,0
va,61,1,3,NA,284,0,0,NA,NA,NA,NA,1
va,61,1,3,120,337,0,0,98,1,NA,NA,3
va,58,1,3,150,219,0,1,118,1,NA,NA,2
va,74,1,4,155,310,0,0,112,1,NA,NA,2
va,68,1,3,134,254,1,0,151,1,NA,3,0
va,51,0,4,114,258,1,2,96,0,NA,NA,0
va,62,1,4,160,254,1,1,108,1,NA,NA,4
va,53,1,4,144,300,1,1,128,1,NA,NA,3
va,62,1,4,158,170,0,1,138,1,NA,NA,1
va,46,1,4,134,310,0,0,126,0,NA,3,2
va,54,0,4,127,333,1,1,154,0,NA,NA,1
va,62,1,1,NA,139,0,1,NA,NA,NA,NA,0
va,55,1,4,122,223,1,1,100,0,NA,6,2
va,58,1,4,NA,385,1,2,NA,NA,NA,NA,0
va,62,1,2,120,254,0,2,93,1,NA,NA,1
